images;probs;type
cell0001.png;1.0;mono
cell0002.png;1.0;mono
cell0003.png;1.0;mono
cell0004.png;0.0;mono
cell0005.png;1.0;mono
cell0006.png;1.0;mono
cell0007.png;1.0;mono
cell0008.png;1.0;mono
cell0009.png;0.0;mono
cell0010.png;1.0;mono
cell0011.png;0.0;mono
cell0012.png;1.0;mono
cell0013.png;1.0;mono
cell0014.png;1.0;mono
cell0015.png;1.0;mono
cell0016.png;1.0;mono
cell0017.png;1.0;mono
cell0018.png;1.0;mono
cell0019.png;1.0;mono
cell0020.png;1.0;mono
cell0021.png;1.0;mono
cell0022.png;1.0;mono
cell0023.png;1.0;mono
cell0024.png;1.0;mono
cell0025.png;1.0;mono
cell0026.png;1.0;mono
cell0027.png;1.0;mono
cell0028.png;1.0;mono
cell0029.png;1.0;mono
cell0030.png;1.0;mono
cell0031.png;1.0;mono
cell0032.png;1.0;mono
cell0033.png;1.0;mono
cell0034.png;1.0;mono
cell0035.png;1.0;mono
cell0036.png;1.0;mono
cell0037.png;1.0;mono
cell0038.png;1.0;mono
cell0039.png;1.0;mono
cell0040.png;1.0;mono
cell0041.png;1.0;mono
cell0042.png;1.0;mono
cell0043.png;1.0;mono
cell0044.png;1.0;mono
cell0045.png;1.0;mono
cell0046.png;1.0;mono
cell0047.png;1.0;mono
cell0048.png;1.0;mono
cell0049.png;1.0;mono
cell0050.png;1.0;mono
cell0051.png;1.0;mono
cell0052.png;1.0;mono
cell0053.png;1.0;mono
cell0054.png;1.0;mono
cell0055.png;1.0;mono
cell0056.png;1.0;mono
cell0057.png;1.0;mono
cell0058.png;0.3333333333333333;mono
cell0059.png;1.0;mono
cell0060.png;0.0;mono
cell0061.png;0.0;poly
cell0062.png;0.0;poly
cell0063.png;0.0;poly
cell0064.png;0.0;poly
cell0065.png;0.0;poly
cell0066.png;0.0;poly
cell0067.png;0.0;poly
cell0068.png;1.0;poly
cell0069.png;0.0;poly
cell0070.png;0.6666666666666666;poly
cell0071.png;0.0;poly
cell0072.png;0.0;poly
cell0073.png;0.6666666666666666;poly
cell0074.png;0.0;poly
cell0075.png;0.0;poly
cell0076.png;1.0;poly
cell0077.png;1.0;poly
cell0078.png;1.0;poly
cell0079.png;0.0;poly
cell0080.png;0.0;poly
cell0081.png;0.0;poly
cell0082.png;0.0;poly
cell0083.png;1.0;poly
cell0084.png;0.0;poly
cell0085.png;0.0;poly
cell0086.png;0.0;poly
cell0087.png;0.3333333333333333;poly
cell0088.png;0.0;poly
cell0089.png;1.0;poly
cell0090.png;0.0;poly
cell0091.png;1.0;poly
cell0092.png;0.0;poly
cell0093.png;0.3333333333333333;poly
cell0094.png;0.0;poly
cell0095.png;0.0;poly
cell0096.png;0.0;poly
cell0097.png;0.0;poly
cell0098.png;0.3333333333333333;poly
cell0099.png;0.0;poly
cell0100.png;0.0;poly
cell0101.png;0.0;poly
cell0102.png;0.0;poly
cell0103.png;0.0;poly
cell0104.png;0.0;poly
cell0105.png;0.0;poly
cell0106.png;0.0;poly
cell0107.png;0.0;poly
cell0108.png;0.0;poly
cell0109.png;0.0;poly
cell0110.png;0.0;poly
cell0111.png;0.0;poly
cell0112.png;1.0;poly
cell0113.png;0.0;poly
cell0114.png;0.0;poly
cell0115.png;1.0;poly
cell0116.png;0.0;poly
cell0117.png;0.0;poly
cell0118.png;0.0;poly
cell0119.png;0.0;poly
cell0120.png;0.0;poly
cell0121.png;0.0;poly
cell0122.png;0.0;poly
cell0123.png;0.0;poly
cell0124.png;1.0;poly
cell0125.png;1.0;poly
cell0126.png;0.0;poly
cell0127.png;0.3333333333333333;poly
cell0128.png;0.0;poly
cell0129.png;0.0;poly
cell0130.png;0.0;poly
cell0131.png;0.0;poly
cell0132.png;0.0;poly
cell0133.png;0.0;poly
cell0134.png;0.3333333333333333;poly
cell0135.png;0.0;poly
cell0136.png;0.0;poly
cell0137.png;0.0;poly
cell0138.png;0.0;poly
cell0139.png;0.0;poly
cell0140.png;0.0;poly
cell0141.png;1.0;poly
cell0142.png;0.0;poly
cell0143.png;0.3333333333333333;poly
cell0144.png;0.0;poly
cell0145.png;0.0;poly
cell0146.png;1.0;poly
cell0147.png;1.0;poly
cell0148.png;0.3333333333333333;poly
cell0149.png;0.3333333333333333;poly
cell0150.png;0.3333333333333333;poly
cell0151.png;0.0;poly
cell0152.png;0.0;poly
cell0153.png;0.0;poly
cell0154.png;0.0;poly
cell0155.png;1.0;poly
cell0156.png;0.0;poly
cell0157.png;0.0;poly
cell0158.png;0.3333333333333333;poly
cell0159.png;0.0;poly
cell0160.png;1.0;poly
cell0161.png;0.3333333333333333;poly
cell0162.png;0.3333333333333333;poly
cell0163.png;0.0;poly
cell0164.png;1.0;poly
cell0165.png;1.0;poly
cell0166.png;0.0;poly
cell0167.png;1.0;poly
cell0168.png;0.0;poly
cell0169.png;0.3333333333333333;poly
cell0170.png;0.0;poly
cell0171.png;1.0;poly
cell0172.png;0.0;poly
cell0173.png;0.0;poly
cell0174.png;0.0;poly
cell0175.png;0.0;poly
cell0176.png;0.3333333333333333;poly
cell0177.png;1.0;poly
cell0178.png;0.3333333333333333;poly
cell0179.png;0.0;poly
cell0180.png;0.3333333333333333;poly
cell0181.png;1.0;poly
cell0182.png;1.0;poly
cell0183.png;0.3333333333333333;poly
cell0184.png;0.3333333333333333;poly
cell0185.png;0.3333333333333333;poly
cell0186.png;0.3333333333333333;poly
cell0187.png;1.0;poly
cell0188.png;1.0;poly
cell0189.png;0.6666666666666666;poly
cell0190.png;1.0;poly
cell0191.png;0.6666666666666666;poly
cell0192.png;1.0;poly
cell0193.png;1.0;poly
cell0194.png;1.0;poly
cell0195.png;0.0;poly
cell0196.png;1.0;poly
cell0197.png;1.0;poly
cell0198.png;1.0;poly
cell0199.png;1.0;poly
cell0200.png;1.0;poly
cell0201.png;1.0;poly
cell0202.png;0.6666666666666666;poly
cell0203.png;1.0;poly
cell0204.png;0.6666666666666666;poly
cell0205.png;0.6666666666666666;poly
cell0206.png;1.0;poly
cell0207.png;0.3333333333333333;poly
cell0208.png;1.0;poly
cell0209.png;0.3333333333333333;poly
cell0210.png;0.3333333333333333;poly
cell0211.png;1.0;poly
cell0212.png;1.0;poly
cell0213.png;1.0;poly
cell0214.png;0.3333333333333333;poly
cell0215.png;0.3333333333333333;poly
cell0216.png;0.3333333333333333;poly
cell0217.png;0.6666666666666666;poly
cell0218.png;0.6666666666666666;poly
cell0219.png;0.6666666666666666;poly
cell0220.png;1.0;poly
cell0221.png;1.0;poly
cell0222.png;0.6666666666666666;poly
cell0223.png;1.0;poly
cell0224.png;0.6666666666666666;poly
cell0225.png;0.6666666666666666;poly
cell0226.png;0.0;poly
cell0227.png;0.3333333333333333;poly
cell0228.png;1.0;poly
cell0229.png;1.0;poly
cell0230.png;0.0;poly
cell0231.png;1.0;poly
cell0232.png;1.0;poly
cell0233.png;1.0;poly
cell0234.png;0.6666666666666666;poly
cell0235.png;0.3333333333333333;poly
cell0236.png;0.0;poly
cell0237.png;0.0;poly
cell0238.png;0.3333333333333333;poly
cell0239.png;0.0;poly
cell0240.png;0.3333333333333333;poly
cell0241.png;1.0;poly
cell0242.png;1.0;poly
cell0243.png;1.0;poly
cell0244.png;1.0;poly
cell0245.png;1.0;poly
cell0246.png;1.0;poly
cell0247.png;1.0;poly
cell0248.png;1.0;poly
cell0249.png;1.0;poly
cell0250.png;1.0;poly
cell0251.png;1.0;poly
cell0252.png;1.0;poly
cell0253.png;1.0;poly
cell0254.png;0.6666666666666666;poly
cell0255.png;1.0;poly
cell0256.png;1.0;poly
cell0257.png;1.0;poly
cell0258.png;1.0;poly
cell0259.png;0.0;poly
cell0260.png;0.0;poly
cell0261.png;1.0;poly
cell0262.png;0.0;poly
cell0263.png;1.0;poly
cell0264.png;1.0;poly
cell0265.png;1.0;poly
cell0266.png;1.0;poly
cell0267.png;0.3333333333333333;poly
cell0268.png;1.0;poly
cell0269.png;0.0;poly
cell0270.png;0.3333333333333333;poly
cell0271.png;1.0;poly
cell0272.png;0.0;poly
cell0273.png;0.0;poly
cell0274.png;1.0;poly
cell0275.png;1.0;poly
cell0276.png;0.0;poly
cell0277.png;1.0;poly
cell0278.png;1.0;poly
cell0279.png;1.0;poly
cell0280.png;1.0;poly
cell0281.png;1.0;poly
cell0282.png;0.0;poly
cell0283.png;1.0;poly
cell0284.png;1.0;poly
cell0285.png;1.0;poly
cell0286.png;1.0;poly
cell0287.png;1.0;poly
cell0288.png;1.0;poly
cell0289.png;1.0;poly
cell0290.png;1.0;poly
cell0291.png;0.6666666666666666;poly
cell0292.png;1.0;poly
cell0293.png;1.0;poly
cell0294.png;1.0;poly
cell0295.png;1.0;poly
cell0296.png;1.0;poly
cell0297.png;1.0;poly
cell0298.png;1.0;poly
cell0299.png;1.0;poly
cell0300.png;0.0;poly
cell0301.png;1.0;poly
cell0302.png;0.0;poly
cell0303.png;1.0;poly
cell0304.png;1.0;poly
cell0305.png;1.0;poly
cell0306.png;0.0;poly
cell0307.png;0.6666666666666666;poly
cell0308.png;0.0;poly
cell0309.png;0.0;poly
cell0310.png;0.0;poly
cell0311.png;0.0;poly
cell0312.png;1.0;poly
cell0313.png;0.0;poly
cell0314.png;0.0;poly
cell0315.png;0.0;poly
cell0316.png;1.0;poly
cell0317.png;1.0;poly
cell0318.png;0.0;poly
cell0319.png;1.0;poly
cell0320.png;1.0;poly
cell0321.png;1.0;poly
cell0322.png;1.0;poly
cell0323.png;1.0;poly
cell0324.png;1.0;poly
cell0325.png;0.3333333333333333;poly
cell0326.png;0.3333333333333333;poly
cell0327.png;0.0;poly
cell0328.png;0.0;poly
cell0329.png;0.0;poly
cell0330.png;0.0;poly
cell0331.png;0.0;poly
cell0332.png;0.0;poly
cell0333.png;0.0;poly
cell0334.png;0.0;poly
cell0335.png;1.0;poly
cell0336.png;0.0;poly
cell0337.png;0.0;poly
cell0338.png;0.0;poly
cell0339.png;0.0;poly
cell0340.png;0.0;poly
cell0341.png;0.0;poly
cell0342.png;1.0;poly
cell0343.png;0.0;poly
cell0344.png;0.0;poly
cell0345.png;0.0;poly
cell0346.png;1.0;poly
cell0347.png;1.0;poly
cell0348.png;0.0;poly
cell0349.png;0.0;poly
cell0350.png;0.0;poly
cell0351.png;0.6666666666666666;poly
cell0352.png;0.0;poly
cell0353.png;0.0;poly
cell0354.png;0.0;poly
cell0355.png;0.0;poly
cell0356.png;0.0;poly
cell0357.png;0.0;poly
cell0358.png;0.0;poly
cell0359.png;0.0;poly
cell0360.png;0.0;poly
cell0361.png;1.0;mono
cell0362.png;1.0;mono
cell0363.png;1.0;mono
cell0364.png;1.0;mono
cell0365.png;1.0;mono
cell0366.png;1.0;mono
cell0367.png;1.0;mono
cell0368.png;1.0;mono
cell0369.png;0.0;mono
cell0370.png;1.0;mono
cell0371.png;1.0;mono
cell0372.png;1.0;mono
cell0373.png;1.0;mono
cell0374.png;1.0;mono
cell0375.png;1.0;mono
cell0376.png;1.0;mono
cell0377.png;1.0;mono
cell0378.png;1.0;mono
cell0379.png;1.0;mono
cell0380.png;1.0;mono
cell0381.png;1.0;mono
cell0382.png;1.0;mono
cell0383.png;1.0;mono
cell0384.png;1.0;mono
cell0385.png;1.0;mono
cell0386.png;1.0;mono
cell0387.png;1.0;mono
cell0388.png;1.0;mono
cell0389.png;1.0;mono
cell0390.png;1.0;mono
cell0391.png;1.0;mono
cell0392.png;1.0;mono
cell0393.png;1.0;mono
cell0394.png;1.0;mono
cell0395.png;1.0;mono
cell0396.png;1.0;mono
cell0397.png;0.0;mono
cell0398.png;1.0;mono
cell0399.png;1.0;mono
cell0400.png;1.0;mono
cell0401.png;1.0;mono
cell0402.png;1.0;mono
cell0403.png;1.0;mono
cell0404.png;1.0;mono
cell0405.png;1.0;mono
cell0406.png;1.0;mono
cell0407.png;1.0;mono
cell0408.png;1.0;mono
cell0409.png;1.0;mono
cell0410.png;0.0;mono
cell0411.png;1.0;mono
cell0412.png;1.0;mono
cell0413.png;0.0;mono
cell0414.png;1.0;mono
cell0415.png;1.0;mono
cell0416.png;1.0;mono
cell0417.png;1.0;mono
cell0418.png;1.0;mono
cell0419.png;1.0;mono
cell0420.png;1.0;mono
cell0421.png;1.0;mono
cell0422.png;1.0;mono
cell0423.png;0.0;mono
cell0424.png;1.0;mono
cell0425.png;0.0;mono
cell0426.png;1.0;mono
cell0427.png;1.0;mono
cell0428.png;1.0;mono
cell0429.png;1.0;mono
cell0430.png;1.0;mono
cell0431.png;1.0;mono
cell0432.png;1.0;mono
cell0433.png;1.0;mono
cell0434.png;1.0;mono
cell0435.png;1.0;mono
cell0436.png;1.0;mono
cell0437.png;1.0;mono
cell0438.png;1.0;mono
cell0439.png;1.0;mono
cell0440.png;1.0;mono
cell0441.png;1.0;mono
cell0442.png;1.0;mono
cell0443.png;1.0;mono
cell0444.png;1.0;mono
cell0445.png;0.0;mono
cell0446.png;1.0;mono
cell0447.png;0.0;mono
cell0448.png;1.0;mono
cell0449.png;0.0;mono
cell0450.png;1.0;mono
cell0451.png;1.0;mono
cell0452.png;1.0;mono
cell0453.png;1.0;mono
cell0454.png;1.0;mono
cell0455.png;1.0;mono
cell0456.png;0.6666666666666666;mono
cell0457.png;1.0;mono
cell0458.png;1.0;mono
cell0459.png;1.0;mono
cell0460.png;1.0;mono
cell0461.png;1.0;mono
cell0462.png;1.0;mono
cell0463.png;1.0;mono
cell0464.png;1.0;mono
cell0465.png;0.0;mono
cell0466.png;1.0;mono
cell0467.png;1.0;mono
cell0468.png;0.6666666666666666;mono
cell0469.png;1.0;mono
cell0470.png;1.0;mono
cell0471.png;1.0;mono
cell0472.png;1.0;mono
cell0473.png;1.0;mono
cell0474.png;1.0;mono
cell0475.png;1.0;mono
cell0476.png;1.0;mono
cell0477.png;1.0;mono
cell0478.png;1.0;mono
cell0479.png;1.0;mono
cell0480.png;0.0;mono
cell0481.png;1.0;mono
cell0482.png;1.0;mono
cell0483.png;0.0;mono
cell0484.png;1.0;mono
cell0485.png;1.0;mono
cell0486.png;1.0;mono
cell0487.png;1.0;mono
cell0488.png;1.0;mono
cell0489.png;1.0;mono
cell0490.png;1.0;mono
cell0491.png;1.0;mono
cell0492.png;1.0;mono
cell0493.png;1.0;mono
cell0494.png;1.0;mono
cell0495.png;1.0;mono
cell0496.png;1.0;mono
cell0497.png;1.0;mono
cell0498.png;1.0;mono
cell0499.png;1.0;mono
cell0500.png;0.0;mono
cell0501.png;1.0;mono
cell0502.png;1.0;mono
cell0503.png;0.0;mono
cell0504.png;0.0;mono
cell0505.png;1.0;mono
cell0506.png;1.0;mono
cell0507.png;1.0;mono
cell0508.png;0.0;mono
cell0509.png;0.0;mono
cell0510.png;1.0;mono
cell0511.png;1.0;mono
cell0512.png;1.0;mono
cell0513.png;1.0;mono
cell0514.png;1.0;mono
cell0515.png;1.0;mono
cell0516.png;0.6666666666666666;mono
cell0517.png;1.0;mono
cell0518.png;0.0;mono
cell0519.png;0.0;mono
cell0520.png;1.0;mono
cell0521.png;1.0;mono
cell0522.png;1.0;mono
cell0523.png;1.0;mono
cell0524.png;1.0;mono
cell0525.png;1.0;mono
cell0526.png;0.0;mono
cell0527.png;1.0;mono
cell0528.png;1.0;mono
cell0529.png;1.0;mono
cell0530.png;1.0;mono
cell0531.png;1.0;mono
cell0532.png;0.0;mono
cell0533.png;1.0;mono
cell0534.png;1.0;mono
cell0535.png;1.0;mono
cell0536.png;1.0;mono
cell0537.png;1.0;mono
cell0538.png;0.0;mono
cell0539.png;1.0;mono
cell0540.png;0.3333333333333333;mono
cell0541.png;0.0;poly
cell0542.png;0.0;poly
cell0543.png;0.0;poly
cell0544.png;0.0;poly
cell0545.png;0.0;poly
cell0546.png;0.3333333333333333;poly
cell0547.png;0.0;poly
cell0548.png;0.0;poly
cell0549.png;0.0;poly
cell0550.png;0.0;poly
cell0551.png;0.0;poly
cell0552.png;0.0;poly
cell0553.png;0.0;poly
cell0554.png;0.0;poly
cell0555.png;1.0;poly
cell0556.png;0.0;poly
cell0557.png;1.0;poly
cell0558.png;0.0;poly
cell0559.png;0.0;poly
cell0560.png;0.0;poly
cell0561.png;0.0;poly
cell0562.png;0.3333333333333333;poly
cell0563.png;0.0;poly
cell0564.png;1.0;poly
cell0565.png;0.0;poly
cell0566.png;0.0;poly
cell0567.png;0.0;poly
cell0568.png;0.0;poly
cell0569.png;0.0;poly
cell0570.png;0.0;poly
cell0571.png;0.0;poly
cell0572.png;0.0;poly
cell0573.png;0.0;poly
cell0574.png;0.0;poly
cell0575.png;0.0;poly
cell0576.png;0.6666666666666666;poly
cell0577.png;1.0;poly
cell0578.png;1.0;poly
cell0579.png;1.0;poly
cell0580.png;0.0;poly
cell0581.png;0.0;poly
cell0582.png;0.0;poly
cell0583.png;0.0;poly
cell0584.png;0.0;poly
cell0585.png;0.0;poly
cell0586.png;0.0;poly
cell0587.png;0.6666666666666666;poly
cell0588.png;0.0;poly
cell0589.png;0.0;poly
cell0590.png;0.0;poly
cell0591.png;0.0;poly
cell0592.png;1.0;poly
cell0593.png;1.0;poly
cell0594.png;0.0;poly
cell0595.png;1.0;poly
cell0596.png;0.0;poly
cell0597.png;0.3333333333333333;poly
cell0598.png;0.0;poly
cell0599.png;0.0;poly
cell0600.png;0.0;poly
cell0601.png;1.0;poly
cell0602.png;1.0;poly
cell0603.png;1.0;poly
cell0604.png;1.0;poly
cell0605.png;1.0;poly
cell0606.png;1.0;poly
cell0607.png;1.0;poly
cell0608.png;1.0;poly
cell0609.png;1.0;poly
cell0610.png;0.0;poly
cell0611.png;1.0;poly
cell0612.png;1.0;poly
cell0613.png;1.0;poly
cell0614.png;1.0;poly
cell0615.png;1.0;poly
cell0616.png;1.0;poly
cell0617.png;1.0;poly
cell0618.png;1.0;poly
cell0619.png;0.0;poly
cell0620.png;1.0;poly
cell0621.png;0.0;poly
cell0622.png;0.0;poly
cell0623.png;0.0;poly
cell0624.png;0.0;poly
cell0625.png;0.3333333333333333;poly
cell0626.png;1.0;poly
cell0627.png;0.3333333333333333;poly
cell0628.png;0.3333333333333333;poly
cell0629.png;0.6666666666666666;poly
cell0630.png;0.3333333333333333;poly
cell0631.png;1.0;poly
cell0632.png;1.0;poly
cell0633.png;0.0;poly
cell0634.png;1.0;poly
cell0635.png;0.0;poly
cell0636.png;1.0;poly
cell0637.png;0.0;poly
cell0638.png;0.0;poly
cell0639.png;1.0;poly
cell0640.png;1.0;poly
cell0641.png;1.0;poly
cell0642.png;1.0;poly
cell0643.png;1.0;poly
cell0644.png;1.0;poly
cell0645.png;1.0;poly
cell0646.png;1.0;poly
cell0647.png;0.0;poly
cell0648.png;0.0;poly
cell0649.png;0.0;poly
cell0650.png;0.0;poly
cell0651.png;0.0;poly
cell0652.png;1.0;poly
cell0653.png;0.0;poly
cell0654.png;1.0;poly
cell0655.png;0.0;poly
cell0656.png;0.0;poly
cell0657.png;0.0;poly
cell0658.png;0.0;poly
cell0659.png;0.0;poly
cell0660.png;1.0;poly
cell0661.png;1.0;poly
cell0662.png;1.0;poly
cell0663.png;1.0;poly
cell0664.png;0.0;poly
cell0665.png;0.0;poly
cell0666.png;1.0;poly
cell0667.png;1.0;poly
cell0668.png;1.0;poly
cell0669.png;0.3333333333333333;poly
cell0670.png;0.3333333333333333;poly
cell0671.png;1.0;poly
cell0672.png;1.0;poly
cell0673.png;1.0;poly
cell0674.png;1.0;poly
cell0675.png;1.0;poly
cell0676.png;0.0;poly
cell0677.png;0.3333333333333333;poly
cell0678.png;0.6666666666666666;poly
cell0679.png;0.0;poly
cell0680.png;1.0;poly
cell0681.png;0.0;poly
cell0682.png;1.0;poly
cell0683.png;0.6666666666666666;poly
cell0684.png;0.6666666666666666;poly
cell0685.png;0.3333333333333333;poly
cell0686.png;1.0;poly
cell0687.png;1.0;poly
cell0688.png;0.0;poly
cell0689.png;0.3333333333333333;poly
cell0690.png;0.0;poly
cell0691.png;1.0;poly
cell0692.png;0.0;poly
cell0693.png;1.0;poly
cell0694.png;1.0;poly
cell0695.png;1.0;poly
cell0696.png;1.0;poly
cell0697.png;0.0;poly
cell0698.png;0.0;poly
cell0699.png;1.0;poly
cell0700.png;1.0;poly
cell0701.png;0.6666666666666666;poly
cell0702.png;1.0;poly
cell0703.png;1.0;poly
cell0704.png;0.0;poly
cell0705.png;0.0;poly
cell0706.png;0.3333333333333333;poly
cell0707.png;1.0;poly
cell0708.png;1.0;poly
cell0709.png;0.0;poly
cell0710.png;0.3333333333333333;poly
cell0711.png;0.3333333333333333;poly
cell0712.png;1.0;poly
cell0713.png;1.0;poly
cell0714.png;0.6666666666666666;poly
cell0715.png;1.0;poly
cell0716.png;0.0;poly
cell0717.png;0.0;poly
cell0718.png;0.0;poly
cell0719.png;0.0;poly
cell0720.png;0.0;poly
cell0721.png;0.0;poly
cell0722.png;0.0;poly
cell0723.png;0.0;poly
cell0724.png;0.0;poly
cell0725.png;0.0;poly
cell0726.png;0.0;poly
cell0727.png;0.0;poly
cell0728.png;0.0;poly
cell0729.png;0.0;poly
cell0730.png;0.0;poly
cell0731.png;0.6666666666666666;poly
cell0732.png;1.0;poly
cell0733.png;0.0;poly
cell0734.png;0.0;poly
cell0735.png;0.0;poly
cell0736.png;0.0;poly
cell0737.png;0.0;poly
cell0738.png;1.0;poly
cell0739.png;0.0;poly
cell0740.png;1.0;poly
cell0741.png;1.0;poly
cell0742.png;1.0;poly
cell0743.png;1.0;poly
cell0744.png;1.0;poly
cell0745.png;0.0;poly
cell0746.png;0.0;poly
cell0747.png;0.0;poly
cell0748.png;1.0;poly
cell0749.png;0.0;poly
cell0750.png;0.0;poly
cell0751.png;0.0;poly
cell0752.png;0.0;poly
cell0753.png;0.0;poly
cell0754.png;0.0;poly
cell0755.png;0.0;poly
cell0756.png;0.0;poly
cell0757.png;1.0;poly
cell0758.png;0.6666666666666666;poly
cell0759.png;1.0;poly
cell0760.png;0.6666666666666666;poly
cell0761.png;0.0;poly
cell0762.png;1.0;poly
cell0763.png;0.0;poly
cell0764.png;0.0;poly
cell0765.png;0.0;poly
cell0766.png;0.0;poly
cell0767.png;0.0;poly
cell0768.png;0.0;poly
cell0769.png;0.0;poly
cell0770.png;0.0;poly
cell0771.png;0.0;poly
cell0772.png;0.0;poly
cell0773.png;1.0;poly
cell0774.png;0.0;poly
cell0775.png;0.0;poly
cell0776.png;0.0;poly
cell0777.png;0.3333333333333333;poly
cell0778.png;0.0;poly
cell0779.png;0.0;poly
cell0780.png;0.0;poly
cell0781.png;1.0;poly
cell0782.png;1.0;poly
cell0783.png;0.6666666666666666;poly
cell0784.png;0.0;poly
cell0785.png;0.0;poly
cell0786.png;1.0;poly
cell0787.png;1.0;poly
cell0788.png;1.0;poly
cell0789.png;0.0;poly
cell0790.png;1.0;poly
cell0791.png;0.6666666666666666;poly
cell0792.png;1.0;poly
cell0793.png;1.0;poly
cell0794.png;1.0;poly
cell0795.png;1.0;poly
cell0796.png;1.0;poly
cell0797.png;0.6666666666666666;poly
cell0798.png;1.0;poly
cell0799.png;1.0;poly
cell0800.png;1.0;poly
cell0801.png;0.0;poly
cell0802.png;0.3333333333333333;poly
cell0803.png;0.0;poly
cell0804.png;1.0;poly
cell0805.png;0.0;poly
cell0806.png;1.0;poly
cell0807.png;0.6666666666666666;poly
cell0808.png;0.0;poly
cell0809.png;0.0;poly
cell0810.png;0.0;poly
cell0811.png;0.0;poly
cell0812.png;1.0;poly
cell0813.png;0.0;poly
cell0814.png;0.0;poly
cell0815.png;0.0;poly
cell0816.png;0.3333333333333333;poly
cell0817.png;1.0;poly
cell0818.png;0.3333333333333333;poly
cell0819.png;0.0;poly
cell0820.png;0.0;poly
cell0821.png;1.0;poly
cell0822.png;0.0;poly
cell0823.png;0.0;poly
cell0824.png;0.0;poly
cell0825.png;0.0;poly
cell0826.png;0.0;poly
cell0827.png;0.0;poly
cell0828.png;0.0;poly
cell0829.png;0.0;poly
cell0830.png;0.0;poly
cell0831.png;0.0;poly
cell0832.png;0.0;poly
cell0833.png;0.0;poly
cell0834.png;1.0;poly
cell0835.png;1.0;poly
cell0836.png;1.0;poly
cell0837.png;1.0;poly
cell0838.png;0.3333333333333333;poly
cell0839.png;0.0;poly
cell0840.png;0.0;poly
cell0841.png;1.0;poly
cell0842.png;1.0;poly
cell0843.png;1.0;poly
cell0844.png;0.0;poly
cell0845.png;0.0;poly
cell0846.png;0.0;poly
cell0847.png;0.0;poly
cell0848.png;0.0;poly
cell0849.png;0.0;poly
cell0850.png;0.0;poly
cell0851.png;1.0;poly
cell0852.png;1.0;poly
cell0853.png;1.0;poly
cell0854.png;1.0;poly
cell0855.png;1.0;poly
cell0856.png;1.0;poly
cell0857.png;1.0;poly
cell0858.png;1.0;poly
cell0859.png;1.0;poly
cell0860.png;1.0;poly
cell0861.png;1.0;poly
cell0862.png;1.0;poly
cell0863.png;1.0;poly
cell0864.png;1.0;poly
cell0865.png;1.0;poly
cell0866.png;0.6666666666666666;poly
cell0867.png;1.0;poly
cell0868.png;1.0;poly
cell0869.png;1.0;poly
cell0870.png;1.0;poly
cell0871.png;1.0;poly
cell0872.png;0.3333333333333333;poly
cell0873.png;1.0;poly
cell0874.png;1.0;poly
cell0875.png;1.0;poly
cell0876.png;1.0;poly
cell0877.png;1.0;poly
cell0878.png;1.0;poly
cell0879.png;1.0;poly
cell0880.png;1.0;poly
cell0881.png;1.0;poly
cell0882.png;1.0;poly
cell0883.png;1.0;poly
cell0884.png;1.0;poly
cell0885.png;1.0;poly
cell0886.png;1.0;poly
cell0887.png;1.0;poly
cell0888.png;1.0;poly
cell0889.png;1.0;poly
cell0890.png;1.0;poly
cell0891.png;1.0;poly
cell0892.png;1.0;poly
cell0893.png;0.6666666666666666;poly
cell0894.png;0.3333333333333333;poly
cell0895.png;0.3333333333333333;poly
cell0896.png;0.6666666666666666;poly
cell0897.png;1.0;poly
cell0898.png;1.0;poly
cell0899.png;1.0;poly
cell0900.png;1.0;poly
cell0901.png;0.0;mono
cell0902.png;0.0;mono
cell0903.png;0.0;mono
cell0904.png;0.0;mono
cell0905.png;0.0;mono
cell0906.png;0.0;mono
cell0907.png;0.0;mono
cell0908.png;0.0;mono
cell0909.png;0.0;mono
cell0910.png;0.0;mono
cell0911.png;1.0;mono
cell0912.png;1.0;mono
cell0913.png;0.0;mono
cell0914.png;0.0;mono
cell0915.png;1.0;mono
cell0916.png;1.0;mono
cell0917.png;0.0;mono
cell0918.png;0.0;mono
cell0919.png;0.0;mono
cell0920.png;0.0;mono
cell0921.png;0.3333333333333333;mono
cell0922.png;0.0;mono
cell0923.png;0.0;mono
cell0924.png;0.0;mono
cell0925.png;0.0;mono
cell0926.png;0.0;mono
cell0927.png;0.0;mono
cell0928.png;0.0;mono
cell0929.png;0.0;mono
cell0930.png;0.0;mono
cell0931.png;0.0;mono
cell0932.png;0.0;mono
cell0933.png;0.0;mono
cell0934.png;0.0;mono
cell0935.png;0.0;mono
cell0936.png;1.0;mono
cell0937.png;0.0;mono
cell0938.png;0.0;mono
cell0939.png;0.0;mono
cell0940.png;0.0;mono
cell0941.png;0.0;mono
cell0942.png;0.0;mono
cell0943.png;0.0;mono
cell0944.png;0.0;mono
cell0945.png;0.0;mono
cell0946.png;0.0;mono
cell0947.png;0.0;mono
cell0948.png;0.0;mono
cell0949.png;0.0;mono
cell0950.png;1.0;mono
cell0951.png;0.0;mono
cell0952.png;0.0;mono
cell0953.png;0.0;mono
cell0954.png;0.0;mono
cell0955.png;0.0;mono
cell0956.png;0.0;mono
cell0957.png;0.0;mono
cell0958.png;1.0;mono
cell0959.png;0.0;mono
cell0960.png;0.0;mono
cell0961.png;0.0;mono
cell0962.png;0.0;mono
cell0963.png;0.0;mono
cell0964.png;0.0;mono
cell0965.png;0.0;mono
cell0966.png;0.0;mono
cell0967.png;0.0;mono
cell0968.png;0.0;mono
cell0969.png;0.0;mono
cell0970.png;0.6666666666666666;mono
cell0971.png;0.0;mono
cell0972.png;0.0;mono
cell0973.png;0.0;mono
cell0974.png;0.0;mono
cell0975.png;0.0;mono
cell0976.png;1.0;mono
cell0977.png;0.0;mono
cell0978.png;1.0;mono
cell0979.png;1.0;mono
cell0980.png;0.0;mono
cell0981.png;0.0;mono
cell0982.png;0.0;mono
cell0983.png;0.0;mono
cell0984.png;0.0;mono
cell0985.png;0.0;mono
cell0986.png;0.0;mono
cell0987.png;0.6666666666666666;mono
cell0988.png;0.0;mono
cell0989.png;0.0;mono
cell0990.png;0.0;mono
cell0991.png;0.0;mono
cell0992.png;0.0;mono
cell0993.png;0.0;mono
cell0994.png;1.0;mono
cell0995.png;0.0;mono
cell0996.png;1.0;mono
cell0997.png;0.0;mono
cell0998.png;1.0;mono
cell0999.png;0.0;mono
cell1000.png;0.0;mono
cell1001.png;0.0;mono
cell1002.png;0.0;mono
cell1003.png;1.0;mono
cell1004.png;0.0;mono
cell1005.png;0.0;mono
cell1006.png;0.0;mono
cell1007.png;0.3333333333333333;mono
cell1008.png;0.6666666666666666;mono
cell1009.png;0.0;mono
cell1010.png;0.0;mono
cell1011.png;0.3333333333333333;mono
cell1012.png;0.0;mono
cell1013.png;0.0;mono
cell1014.png;0.0;mono
cell1015.png;0.0;mono
cell1016.png;0.0;mono
cell1017.png;0.0;mono
cell1018.png;0.0;mono
cell1019.png;0.0;mono
cell1020.png;0.0;mono
cell1021.png;0.0;mono
cell1022.png;0.6666666666666666;mono
cell1023.png;0.0;mono
cell1024.png;0.0;mono
cell1025.png;0.6666666666666666;mono
cell1026.png;0.6666666666666666;mono
cell1027.png;0.0;mono
cell1028.png;0.6666666666666666;mono
cell1029.png;0.0;mono
cell1030.png;1.0;mono
cell1031.png;0.0;mono
cell1032.png;1.0;mono
cell1033.png;0.3333333333333333;mono
cell1034.png;0.0;mono
cell1035.png;0.0;mono
cell1036.png;1.0;mono
cell1037.png;0.0;mono
cell1038.png;0.0;mono
cell1039.png;0.0;mono
cell1040.png;0.0;mono
cell1041.png;1.0;mono
cell1042.png;1.0;mono
cell1043.png;1.0;mono
cell1044.png;1.0;mono
cell1045.png;1.0;mono
cell1046.png;1.0;mono
cell1047.png;0.0;mono
cell1048.png;1.0;mono
cell1049.png;1.0;mono
cell1050.png;1.0;mono
cell1051.png;0.0;mono
cell1052.png;0.0;mono
cell1053.png;1.0;mono
cell1054.png;1.0;mono
cell1055.png;1.0;mono
cell1056.png;1.0;mono
cell1057.png;0.0;mono
cell1058.png;0.0;mono
cell1059.png;1.0;mono
cell1060.png;0.0;mono
cell1061.png;1.0;mono
cell1062.png;0.0;mono
cell1063.png;0.0;mono
cell1064.png;1.0;mono
cell1065.png;1.0;mono
cell1066.png;0.0;mono
cell1067.png;0.0;mono
cell1068.png;0.0;mono
cell1069.png;1.0;mono
cell1070.png;0.0;mono
cell1071.png;1.0;mono
cell1072.png;0.0;mono
cell1073.png;1.0;mono
cell1074.png;1.0;mono
cell1075.png;1.0;mono
cell1076.png;0.0;mono
cell1077.png;0.0;mono
cell1078.png;0.0;mono
cell1079.png;1.0;mono
cell1080.png;1.0;mono
cell1081.png;0.0;mono
cell1082.png;0.3333333333333333;mono
cell1083.png;0.0;mono
cell1084.png;0.0;mono
cell1085.png;0.6666666666666666;mono
cell1086.png;1.0;mono
cell1087.png;1.0;mono
cell1088.png;1.0;mono
cell1089.png;0.0;mono
cell1090.png;0.6666666666666666;mono
cell1091.png;0.0;mono
cell1092.png;0.0;mono
cell1093.png;0.0;mono
cell1094.png;0.0;mono
cell1095.png;0.6666666666666666;mono
cell1096.png;0.0;mono
cell1097.png;1.0;mono
cell1098.png;1.0;mono
cell1099.png;1.0;mono
cell1100.png;1.0;mono
cell1101.png;1.0;mono
cell1102.png;0.0;mono
cell1103.png;1.0;mono
cell1104.png;0.6666666666666666;mono
cell1105.png;0.0;mono
cell1106.png;0.0;mono
cell1107.png;0.0;mono
cell1108.png;1.0;mono
cell1109.png;1.0;mono
cell1110.png;0.0;mono
cell1111.png;0.0;mono
cell1112.png;0.0;mono
cell1113.png;0.0;mono
cell1114.png;0.0;mono
cell1115.png;0.0;mono
cell1116.png;0.0;mono
cell1117.png;0.0;mono
cell1118.png;0.0;mono
cell1119.png;0.0;mono
cell1120.png;0.0;mono
cell1121.png;0.3333333333333333;mono
cell1122.png;0.3333333333333333;mono
cell1123.png;0.3333333333333333;mono
cell1124.png;0.3333333333333333;mono
cell1125.png;0.3333333333333333;mono
cell1126.png;0.0;mono
cell1127.png;0.6666666666666666;mono
cell1128.png;1.0;mono
cell1129.png;0.0;mono
cell1130.png;0.3333333333333333;mono
cell1131.png;0.0;mono
cell1132.png;1.0;mono
cell1133.png;0.0;mono
cell1134.png;0.0;mono
cell1135.png;0.0;mono
cell1136.png;0.0;mono
cell1137.png;0.0;mono
cell1138.png;0.0;mono
cell1139.png;0.0;mono
cell1140.png;0.0;mono
cell1141.png;0.3333333333333333;mono
cell1142.png;1.0;mono
cell1143.png;1.0;mono
cell1144.png;0.0;mono
cell1145.png;0.0;mono
cell1146.png;1.0;mono
cell1147.png;1.0;mono
cell1148.png;0.0;mono
cell1149.png;0.0;mono
cell1150.png;0.0;mono
cell1151.png;0.3333333333333333;mono
cell1152.png;0.0;mono
cell1153.png;0.0;mono
cell1154.png;0.0;mono
cell1155.png;0.0;mono
cell1156.png;0.0;mono
cell1157.png;0.0;mono
cell1158.png;0.0;mono
cell1159.png;0.3333333333333333;mono
cell1160.png;0.3333333333333333;mono
cell1161.png;1.0;mono
cell1162.png;0.6666666666666666;mono
cell1163.png;1.0;mono
cell1164.png;0.0;mono
cell1165.png;0.0;mono
cell1166.png;0.0;mono
cell1167.png;0.0;mono
cell1168.png;0.3333333333333333;mono
cell1169.png;1.0;mono
cell1170.png;0.0;mono
cell1171.png;0.0;mono
cell1172.png;1.0;mono
cell1173.png;1.0;mono
cell1174.png;1.0;mono
cell1175.png;1.0;mono
cell1176.png;0.0;mono
cell1177.png;0.6666666666666666;mono
cell1178.png;0.0;mono
cell1179.png;0.6666666666666666;mono
cell1180.png;0.0;mono
cell1181.png;0.0;mono
cell1182.png;1.0;mono
cell1183.png;0.0;mono
cell1184.png;0.0;mono
cell1185.png;0.0;mono
cell1186.png;0.0;mono
cell1187.png;0.6666666666666666;mono
cell1188.png;0.6666666666666666;mono
cell1189.png;0.6666666666666666;mono
cell1190.png;0.3333333333333333;mono
cell1191.png;0.0;mono
cell1192.png;0.0;mono
cell1193.png;0.0;mono
cell1194.png;0.0;mono
cell1195.png;0.6666666666666666;mono
cell1196.png;0.6666666666666666;mono
cell1197.png;0.6666666666666666;mono
cell1198.png;0.0;mono
cell1199.png;0.0;mono
cell1200.png;0.0;mono
cell1201.png;0.0;mono
cell1202.png;0.0;mono
cell1203.png;0.0;mono
cell1204.png;0.3333333333333333;mono
cell1205.png;0.0;mono
cell1206.png;0.0;mono
cell1207.png;0.0;mono
cell1208.png;0.0;mono
cell1209.png;0.3333333333333333;mono
cell1210.png;0.0;mono
cell1211.png;0.0;mono
cell1212.png;0.0;mono
cell1213.png;0.0;mono
cell1214.png;0.0;mono
cell1215.png;0.0;mono
cell1216.png;0.0;mono
cell1217.png;0.0;mono
cell1218.png;0.0;mono
cell1219.png;0.6666666666666666;mono
cell1220.png;1.0;mono
cell1221.png;1.0;mono
cell1222.png;0.6666666666666666;mono
cell1223.png;1.0;mono
cell1224.png;0.3333333333333333;mono
cell1225.png;0.0;mono
cell1226.png;0.0;mono
cell1227.png;0.0;mono
cell1228.png;0.0;mono
cell1229.png;0.0;mono
cell1230.png;0.0;mono
cell1231.png;0.0;mono
cell1232.png;0.0;mono
cell1233.png;0.0;mono
cell1234.png;0.0;mono
cell1235.png;0.0;mono
cell1236.png;0.0;mono
cell1237.png;0.0;mono
cell1238.png;0.0;mono
cell1239.png;0.0;mono
cell1240.png;0.0;mono
cell1241.png;0.0;mono
cell1242.png;0.6666666666666666;mono
cell1243.png;0.6666666666666666;mono
cell1244.png;0.0;mono
cell1245.png;0.0;mono
cell1246.png;0.0;mono
cell1247.png;0.0;mono
cell1248.png;0.0;mono
cell1249.png;0.0;mono
cell1250.png;0.0;mono
cell1251.png;0.0;mono
cell1252.png;0.0;mono
cell1253.png;0.0;mono
cell1254.png;0.0;mono
cell1255.png;0.0;mono
cell1256.png;0.0;mono
cell1257.png;0.0;mono
cell1258.png;0.0;mono
cell1259.png;0.3333333333333333;mono
cell1260.png;0.0;mono
cell1261.png;0.0;mono
cell1262.png;0.0;mono
cell1263.png;0.0;mono
cell1264.png;0.3333333333333333;mono
cell1265.png;0.0;mono
cell1266.png;0.0;mono
cell1267.png;1.0;mono
cell1268.png;0.0;mono
cell1269.png;0.0;mono
cell1270.png;0.0;mono
cell1271.png;0.0;mono
cell1272.png;0.0;mono
cell1273.png;0.0;mono
cell1274.png;0.0;mono
cell1275.png;0.0;mono
cell1276.png;0.0;mono
cell1277.png;0.0;mono
cell1278.png;0.0;mono
cell1279.png;0.3333333333333333;mono
cell1280.png;0.3333333333333333;mono
cell1281.png;0.3333333333333333;mono
cell1282.png;0.3333333333333333;mono
cell1283.png;0.3333333333333333;mono
cell1284.png;0.3333333333333333;mono
cell1285.png;0.0;mono
cell1286.png;0.0;mono
cell1287.png;0.0;mono
cell1288.png;0.0;mono
cell1289.png;0.0;mono
cell1290.png;0.0;mono
cell1291.png;0.0;mono
cell1292.png;0.0;mono
cell1293.png;0.0;mono
cell1294.png;0.0;mono
cell1295.png;0.3333333333333333;mono
cell1296.png;0.3333333333333333;mono
cell1297.png;0.3333333333333333;mono
cell1298.png;0.3333333333333333;mono
cell1299.png;0.3333333333333333;mono
cell1300.png;0.3333333333333333;mono
cell1301.png;0.3333333333333333;mono
cell1302.png;0.3333333333333333;mono
cell1303.png;1.0;mono
cell1304.png;0.3333333333333333;mono
cell1305.png;0.0;mono
cell1306.png;1.0;mono
cell1307.png;0.0;mono
cell1308.png;1.0;mono
cell1309.png;0.0;mono
cell1310.png;0.0;mono
cell1311.png;0.0;mono
cell1312.png;0.0;mono
cell1313.png;0.0;mono
cell1314.png;0.0;mono
cell1315.png;1.0;mono
cell1316.png;0.0;mono
cell1317.png;0.0;mono
cell1318.png;0.0;mono
cell1319.png;0.0;mono
cell1320.png;0.3333333333333333;mono
cell1321.png;0.0;mono
cell1322.png;0.0;mono
cell1323.png;0.0;mono
cell1324.png;0.0;mono
cell1325.png;0.3333333333333333;mono
cell1326.png;0.3333333333333333;mono
cell1327.png;0.3333333333333333;mono
cell1328.png;0.3333333333333333;mono
cell1329.png;0.3333333333333333;mono
cell1330.png;0.3333333333333333;mono
cell1331.png;0.3333333333333333;mono
cell1332.png;0.3333333333333333;mono
cell1333.png;0.3333333333333333;mono
cell1334.png;0.3333333333333333;mono
cell1335.png;0.0;mono
cell1336.png;0.0;mono
cell1337.png;0.0;mono
cell1338.png;0.0;mono
cell1339.png;0.0;mono
cell1340.png;0.0;mono
cell1341.png;0.0;mono
cell1342.png;0.0;mono
cell1343.png;0.0;mono
cell1344.png;0.0;mono
cell1345.png;0.3333333333333333;mono
cell1346.png;0.3333333333333333;mono
cell1347.png;0.3333333333333333;mono
cell1348.png;0.0;mono
cell1349.png;0.0;mono
cell1350.png;0.0;mono
cell1351.png;0.0;mono
cell1352.png;0.0;mono
cell1353.png;0.0;mono
cell1354.png;0.3333333333333333;mono
cell1355.png;0.0;mono
cell1356.png;0.0;mono
cell1357.png;0.0;mono
cell1358.png;0.0;mono
cell1359.png;0.0;mono
cell1360.png;0.0;mono
cell1361.png;0.0;mono
cell1362.png;0.0;mono
cell1363.png;0.0;mono
cell1364.png;0.0;mono
cell1365.png;0.3333333333333333;mono
cell1366.png;0.3333333333333333;mono
cell1367.png;0.3333333333333333;mono
cell1368.png;0.3333333333333333;mono
cell1369.png;0.3333333333333333;mono
cell1370.png;0.3333333333333333;mono
cell1371.png;0.3333333333333333;mono
cell1372.png;0.3333333333333333;mono
cell1373.png;0.3333333333333333;mono
cell1374.png;0.0;mono
cell1375.png;0.0;mono
cell1376.png;0.6666666666666666;mono
cell1377.png;0.3333333333333333;mono
cell1378.png;0.3333333333333333;mono
cell1379.png;0.6666666666666666;mono
cell1380.png;0.0;mono
cell1381.png;1.0;mono
cell1382.png;0.6666666666666666;mono
cell1383.png;0.6666666666666666;mono
cell1384.png;0.6666666666666666;mono
cell1385.png;0.0;mono
cell1386.png;0.3333333333333333;mono
cell1387.png;0.3333333333333333;mono
cell1388.png;0.3333333333333333;mono
cell1389.png;1.0;mono
cell1390.png;1.0;mono
cell1391.png;0.6666666666666666;mono
cell1392.png;0.6666666666666666;mono
cell1393.png;0.6666666666666666;mono
cell1394.png;1.0;mono
cell1395.png;0.3333333333333333;mono
cell1396.png;1.0;mono
cell1397.png;0.3333333333333333;mono
cell1398.png;0.3333333333333333;mono
cell1399.png;0.6666666666666666;mono
cell1400.png;0.0;mono
cell1401.png;0.0;mono
cell1402.png;0.0;mono
cell1403.png;0.3333333333333333;mono
cell1404.png;0.3333333333333333;mono
cell1405.png;1.0;mono
cell1406.png;0.6666666666666666;mono
cell1407.png;0.6666666666666666;mono
cell1408.png;0.6666666666666666;mono
cell1409.png;0.6666666666666666;mono
cell1410.png;0.0;mono
cell1411.png;0.6666666666666666;mono
cell1412.png;0.3333333333333333;mono
cell1413.png;0.3333333333333333;mono
cell1414.png;0.3333333333333333;mono
cell1415.png;1.0;mono
cell1416.png;0.6666666666666666;mono
cell1417.png;1.0;mono
cell1418.png;1.0;mono
cell1419.png;1.0;mono
cell1420.png;1.0;mono
cell1421.png;1.0;mono
cell1422.png;1.0;mono
cell1423.png;1.0;mono
cell1424.png;1.0;mono
cell1425.png;0.6666666666666666;mono
cell1426.png;1.0;mono
cell1427.png;1.0;mono
cell1428.png;0.6666666666666666;mono
cell1429.png;0.3333333333333333;mono
cell1430.png;0.3333333333333333;mono
cell1431.png;0.3333333333333333;mono
cell1432.png;0.3333333333333333;mono
cell1433.png;0.3333333333333333;mono
cell1434.png;0.3333333333333333;mono
cell1435.png;0.0;mono
cell1436.png;0.0;mono
cell1437.png;0.3333333333333333;mono
cell1438.png;0.0;mono
cell1439.png;0.6666666666666666;mono
cell1440.png;1.0;mono
cell1441.png;1.0;mono
cell1442.png;0.0;mono
cell1443.png;0.0;mono
cell1444.png;0.0;mono
cell1445.png;0.0;mono
cell1446.png;0.0;mono
cell1447.png;0.0;mono
cell1448.png;0.3333333333333333;mono
cell1449.png;0.0;mono
cell1450.png;0.3333333333333333;mono
cell1451.png;0.3333333333333333;mono
cell1452.png;0.3333333333333333;mono
cell1453.png;0.0;mono
cell1454.png;1.0;mono
cell1455.png;0.0;mono
cell1456.png;0.3333333333333333;mono
cell1457.png;0.6666666666666666;mono
cell1458.png;0.0;mono
cell1459.png;0.0;mono
cell1460.png;0.0;mono
cell1461.png;1.0;mono
cell1462.png;0.0;mono
cell1463.png;0.0;mono
cell1464.png;0.0;mono
cell1465.png;0.0;mono
cell1466.png;0.3333333333333333;mono
cell1467.png;0.0;mono
cell1468.png;0.3333333333333333;mono
cell1469.png;0.0;mono
cell1470.png;0.0;mono
cell1471.png;0.0;mono
cell1472.png;0.0;mono
cell1473.png;0.0;mono
cell1474.png;0.0;mono
cell1475.png;0.0;mono
cell1476.png;0.3333333333333333;mono
cell1477.png;0.3333333333333333;mono
cell1478.png;0.6666666666666666;mono
cell1479.png;0.0;mono
cell1480.png;0.0;mono
cell1481.png;0.0;mono
cell1482.png;0.0;mono
cell1483.png;0.3333333333333333;mono
cell1484.png;0.0;mono
cell1485.png;0.0;mono
cell1486.png;0.3333333333333333;mono
cell1487.png;0.3333333333333333;mono
cell1488.png;0.0;mono
cell1489.png;0.6666666666666666;mono
cell1490.png;0.0;mono
cell1491.png;0.0;mono
cell1492.png;0.3333333333333333;mono
cell1493.png;0.0;mono
cell1494.png;0.3333333333333333;mono
cell1495.png;0.0;mono
cell1496.png;0.0;mono
cell1497.png;0.0;mono
cell1498.png;0.0;mono
cell1499.png;0.0;mono
cell1500.png;0.0;mono
cell1501.png;0.0;mono
cell1502.png;0.6666666666666666;mono
cell1503.png;0.0;mono
cell1504.png;0.0;mono
cell1505.png;0.0;mono
cell1506.png;0.0;mono
cell1507.png;0.0;mono
cell1508.png;0.0;mono
cell1509.png;0.0;mono
cell1510.png;0.0;mono
cell1511.png;0.0;mono
cell1512.png;0.3333333333333333;mono
cell1513.png;0.0;mono
cell1514.png;0.0;mono
cell1515.png;0.0;mono
cell1516.png;0.0;mono
cell1517.png;0.0;mono
cell1518.png;0.0;mono
cell1519.png;0.0;mono
cell1520.png;0.0;mono
cell1521.png;0.0;mono
cell1522.png;0.0;mono
cell1523.png;0.0;mono
cell1524.png;0.0;mono
cell1525.png;0.0;mono
cell1526.png;0.0;mono
cell1527.png;0.0;mono
cell1528.png;0.0;mono
cell1529.png;0.0;mono
cell1530.png;0.0;mono
cell1531.png;0.3333333333333333;mono
cell1532.png;0.0;mono
cell1533.png;0.0;mono
cell1534.png;0.0;mono
cell1535.png;0.0;mono
cell1536.png;0.0;mono
cell1537.png;0.0;mono
cell1538.png;0.0;mono
cell1539.png;0.0;mono
cell1540.png;0.3333333333333333;mono
cell1541.png;0.0;mono
cell1542.png;0.0;mono
cell1543.png;0.0;mono
cell1544.png;0.0;mono
cell1545.png;0.0;mono
cell1546.png;0.0;mono
cell1547.png;0.0;mono
cell1548.png;0.0;mono
cell1549.png;0.0;mono
cell1550.png;0.0;mono
cell1551.png;0.0;mono
cell1552.png;0.0;mono
cell1553.png;0.0;mono
cell1554.png;0.0;mono
cell1555.png;0.0;mono
cell1556.png;0.0;mono
cell1557.png;0.0;mono
cell1558.png;0.0;mono
cell1559.png;0.0;mono
cell1560.png;0.0;mono
cell1561.png;0.0;mono
cell1562.png;0.0;mono
cell1563.png;0.0;mono
cell1564.png;0.0;mono
cell1565.png;0.0;mono
cell1566.png;0.0;mono
cell1567.png;0.3333333333333333;mono
cell1568.png;0.0;mono
cell1569.png;0.0;mono
cell1570.png;0.0;mono
cell1571.png;0.0;mono
cell1572.png;0.0;mono
cell1573.png;0.0;mono
cell1574.png;0.0;mono
cell1575.png;0.0;mono
cell1576.png;0.0;mono
cell1577.png;0.0;mono
cell1578.png;0.0;mono
cell1579.png;0.0;mono
cell1580.png;0.0;mono
cell1581.png;0.0;mono
cell1582.png;0.0;mono
cell1583.png;0.0;mono
cell1584.png;0.0;mono
cell1585.png;0.0;mono
cell1586.png;0.0;mono
cell1587.png;0.0;mono
cell1588.png;0.0;mono
cell1589.png;1.0;mono
cell1590.png;0.0;mono
cell1591.png;1.0;mono
cell1592.png;0.0;mono
cell1593.png;0.0;mono
cell1594.png;0.0;mono
cell1595.png;0.0;mono
cell1596.png;0.3333333333333333;mono
cell1597.png;0.0;mono
cell1598.png;0.0;mono
cell1599.png;0.0;mono
cell1600.png;0.0;mono
cell1601.png;0.0;mono
cell1602.png;0.0;mono
cell1603.png;0.0;mono
cell1604.png;0.0;mono
cell1605.png;0.0;mono
cell1606.png;0.0;mono
cell1607.png;0.0;mono
cell1608.png;0.0;mono
cell1609.png;0.0;mono
cell1610.png;0.0;mono
cell1611.png;0.0;mono
cell1612.png;0.0;mono
cell1613.png;0.0;mono
cell1614.png;0.0;mono
cell1615.png;1.0;poly
cell1616.png;1.0;poly
cell1617.png;0.0;poly
cell1618.png;1.0;poly
cell1619.png;0.0;poly
cell1620.png;0.0;poly
cell1621.png;1.0;poly
cell1622.png;1.0;poly
cell1623.png;1.0;poly
cell1624.png;1.0;poly
cell1625.png;1.0;poly
cell1626.png;1.0;poly
cell1627.png;1.0;poly
cell1628.png;1.0;poly
cell1629.png;1.0;poly
cell1630.png;1.0;poly
cell1631.png;1.0;poly
cell1632.png;1.0;poly
cell1633.png;1.0;poly
cell1634.png;1.0;poly
cell1635.png;1.0;poly
cell1636.png;0.0;poly
cell1637.png;1.0;poly
cell1638.png;1.0;poly
cell1639.png;1.0;poly
cell1640.png;0.0;poly
cell1641.png;0.0;poly
cell1642.png;0.0;poly
cell1643.png;1.0;poly
cell1644.png;0.0;poly
cell1645.png;1.0;poly
cell1646.png;1.0;poly
cell1647.png;1.0;poly
cell1648.png;1.0;poly
cell1649.png;1.0;poly
cell1650.png;1.0;poly
cell1651.png;1.0;poly
cell1652.png;1.0;poly
cell1653.png;1.0;poly
cell1654.png;1.0;poly
cell1655.png;1.0;poly
cell1656.png;0.0;poly
cell1657.png;1.0;poly
cell1658.png;0.0;poly
cell1659.png;0.0;poly
cell1660.png;0.0;poly
cell1661.png;0.0;poly
cell1662.png;0.0;poly
cell1663.png;0.0;poly
cell1664.png;0.0;poly
cell1665.png;1.0;poly
cell1666.png;1.0;poly
cell1667.png;1.0;poly
cell1668.png;1.0;poly
cell1669.png;1.0;poly
cell1670.png;1.0;poly
cell1671.png;1.0;poly
cell1672.png;1.0;poly
cell1673.png;1.0;poly
cell1674.png;1.0;poly
cell1675.png;0.6666666666666666;poly
cell1676.png;0.0;poly
cell1677.png;0.0;poly
cell1678.png;0.0;poly
cell1679.png;0.3333333333333333;poly
cell1680.png;0.0;poly
cell1681.png;0.0;poly
cell1682.png;0.0;poly
cell1683.png;0.0;poly
cell1684.png;0.0;poly
cell1685.png;0.0;poly
cell1686.png;0.0;poly
cell1687.png;0.0;poly
cell1688.png;0.0;poly
cell1689.png;0.0;poly
cell1690.png;0.0;poly
cell1691.png;0.0;poly
cell1692.png;0.0;poly
cell1693.png;0.0;poly
cell1694.png;0.0;poly
cell1695.png;0.0;poly
cell1696.png;0.0;poly
cell1697.png;0.0;poly
cell1698.png;0.0;poly
cell1699.png;0.0;poly
cell1700.png;0.0;poly
cell1701.png;0.0;poly
cell1702.png;0.0;poly
cell1703.png;0.0;poly
cell1704.png;0.0;poly
cell1705.png;0.0;poly
cell1706.png;0.3333333333333333;poly
cell1707.png;0.0;poly
cell1708.png;0.0;poly
cell1709.png;0.0;poly
cell1710.png;0.0;poly
cell1711.png;0.0;poly
cell1712.png;0.0;poly
cell1713.png;0.0;poly
cell1714.png;0.3333333333333333;poly
cell1715.png;0.0;poly
cell1716.png;0.0;poly
cell1717.png;0.0;poly
cell1718.png;0.0;poly
cell1719.png;0.0;poly
cell1720.png;0.0;poly
cell1721.png;0.0;poly
cell1722.png;0.0;poly
cell1723.png;0.0;poly
cell1724.png;0.0;poly
cell1725.png;0.0;poly
cell1726.png;0.0;poly
cell1727.png;0.0;poly
cell1728.png;1.0;poly
cell1729.png;1.0;poly
cell1730.png;1.0;poly
cell1731.png;0.6666666666666666;poly
cell1732.png;1.0;poly
cell1733.png;1.0;poly
cell1734.png;0.0;poly
cell1735.png;0.0;poly
cell1736.png;0.0;poly
cell1737.png;0.0;poly
cell1738.png;0.0;poly
cell1739.png;0.0;poly
cell1740.png;0.0;poly
cell1741.png;0.0;poly
cell1742.png;0.0;poly
cell1743.png;0.3333333333333333;poly
cell1744.png;0.0;poly
cell1745.png;0.0;poly
cell1746.png;0.3333333333333333;poly
cell1747.png;0.0;poly
cell1748.png;0.3333333333333333;poly
cell1749.png;0.0;poly
cell1750.png;0.3333333333333333;poly
cell1751.png;0.0;poly
cell1752.png;0.3333333333333333;poly
cell1753.png;0.0;poly
cell1754.png;0.0;poly
cell1755.png;0.0;poly
cell1756.png;0.0;poly
cell1757.png;0.0;poly
cell1758.png;0.0;poly
cell1759.png;0.0;poly
cell1760.png;0.0;poly
cell1761.png;1.0;poly
cell1762.png;0.0;poly
cell1763.png;0.0;poly
cell1764.png;0.0;poly
cell1765.png;0.0;poly
cell1766.png;0.0;poly
cell1767.png;0.0;poly
cell1768.png;0.3333333333333333;poly
cell1769.png;0.0;poly
cell1770.png;0.0;poly
cell1771.png;0.6666666666666666;poly
cell1772.png;0.0;poly
cell1773.png;0.0;poly
cell1774.png;0.0;poly
cell1775.png;0.0;poly
cell1776.png;0.0;poly
cell1777.png;0.0;poly
cell1778.png;0.0;poly
cell1779.png;0.0;poly
cell1780.png;0.0;poly
cell1781.png;0.3333333333333333;poly
cell1782.png;0.0;poly
cell1783.png;0.0;poly
cell1784.png;0.3333333333333333;poly
cell1785.png;0.0;poly
cell1786.png;0.0;poly
cell1787.png;0.0;poly
cell1788.png;0.0;poly
cell1789.png;0.0;poly
cell1790.png;0.0;poly
cell1791.png;0.0;poly
cell1792.png;0.0;poly
cell1793.png;0.0;poly
cell1794.png;0.0;poly
cell1795.png;0.0;poly
cell1796.png;0.0;poly
cell1797.png;0.0;poly
cell1798.png;0.0;poly
cell1799.png;0.0;poly
cell1800.png;0.0;poly
cell1801.png;0.3333333333333333;poly
cell1802.png;0.0;poly
cell1803.png;0.3333333333333333;poly
cell1804.png;0.0;poly
cell1805.png;0.0;poly
cell1806.png;0.3333333333333333;poly
cell1807.png;0.3333333333333333;poly
cell1808.png;0.3333333333333333;poly
cell1809.png;0.3333333333333333;poly
cell1810.png;0.0;poly
cell1811.png;0.0;poly
cell1812.png;0.3333333333333333;poly
cell1813.png;0.3333333333333333;poly
cell1814.png;0.3333333333333333;poly
cell1815.png;0.0;poly
cell1816.png;0.0;poly
cell1817.png;0.0;poly
cell1818.png;0.0;poly
cell1819.png;0.3333333333333333;poly
cell1820.png;1.0;poly
cell1821.png;0.3333333333333333;poly
cell1822.png;0.0;poly
cell1823.png;0.3333333333333333;poly
cell1824.png;0.3333333333333333;poly
cell1825.png;0.0;poly
cell1826.png;0.0;poly
cell1827.png;0.0;poly
cell1828.png;0.0;poly
cell1829.png;0.0;poly
cell1830.png;0.0;poly
cell1831.png;0.0;poly
cell1832.png;0.0;poly
cell1833.png;0.0;poly
cell1834.png;0.0;poly
cell1835.png;0.3333333333333333;poly
cell1836.png;1.0;poly
cell1837.png;1.0;poly
cell1838.png;1.0;poly
cell1839.png;0.6666666666666666;poly
cell1840.png;0.0;poly
cell1841.png;0.6666666666666666;poly
cell1842.png;1.0;poly
cell1843.png;1.0;poly
cell1844.png;1.0;poly
cell1845.png;0.3333333333333333;poly
cell1846.png;0.0;poly
cell1847.png;1.0;poly
cell1848.png;0.0;poly
cell1849.png;0.3333333333333333;poly
cell1850.png;0.0;poly
cell1851.png;0.0;poly
cell1852.png;0.3333333333333333;poly
cell1853.png;0.3333333333333333;poly
cell1854.png;1.0;poly
cell1855.png;0.0;poly
cell1856.png;0.3333333333333333;poly
cell1857.png;0.0;poly
cell1858.png;0.0;poly
cell1859.png;0.0;poly
cell1860.png;0.0;poly
cell1861.png;0.0;poly
cell1862.png;0.0;poly
cell1863.png;0.0;poly
cell1864.png;0.0;poly
cell1865.png;0.0;poly
cell1866.png;0.0;poly
cell1867.png;0.0;poly
cell1868.png;0.0;poly
cell1869.png;0.0;poly
cell1870.png;0.0;poly
cell1871.png;0.0;poly
cell1872.png;0.0;poly
cell1873.png;0.0;poly
cell1874.png;0.0;poly
cell1875.png;0.0;poly
cell1876.png;0.0;poly
cell1877.png;0.0;poly
cell1878.png;0.0;poly
cell1879.png;0.0;poly
cell1880.png;0.0;poly
cell1881.png;0.0;poly
cell1882.png;0.0;poly
cell1883.png;0.0;poly
cell1884.png;0.0;poly
cell1885.png;0.0;poly
cell1886.png;0.0;poly
cell1887.png;0.0;poly
cell1888.png;0.0;poly
cell1889.png;0.0;poly
cell1890.png;1.0;poly
cell1891.png;0.0;poly
cell1892.png;0.0;poly
cell1893.png;0.0;poly
cell1894.png;0.0;poly
cell1895.png;1.0;poly
cell1896.png;1.0;poly
cell1897.png;1.0;poly
cell1898.png;0.0;poly
cell1899.png;1.0;poly
cell1900.png;1.0;poly
cell1901.png;1.0;poly
cell1902.png;0.3333333333333333;poly
cell1903.png;1.0;poly
cell1904.png;1.0;poly
cell1905.png;0.3333333333333333;poly
cell1906.png;0.3333333333333333;poly
cell1907.png;0.3333333333333333;poly
cell1908.png;0.3333333333333333;poly
cell1909.png;0.0;poly
cell1910.png;0.3333333333333333;poly
cell1911.png;0.0;poly
cell1912.png;0.0;poly
cell1913.png;0.3333333333333333;poly
cell1914.png;0.3333333333333333;poly
cell1915.png;0.0;poly
cell1916.png;0.0;poly
cell1917.png;0.0;poly
cell1918.png;0.0;poly
cell1919.png;0.3333333333333333;poly
cell1920.png;0.3333333333333333;poly
cell1921.png;0.3333333333333333;poly
cell1922.png;0.0;poly
cell1923.png;0.6666666666666666;poly
cell1924.png;0.0;poly
cell1925.png;0.0;poly
cell1926.png;0.0;poly
cell1927.png;0.3333333333333333;poly
cell1928.png;0.3333333333333333;poly
cell1929.png;0.0;poly
cell1930.png;0.3333333333333333;poly
cell1931.png;0.0;poly
cell1932.png;0.3333333333333333;poly
cell1933.png;0.3333333333333333;poly
cell1934.png;0.0;poly
cell1935.png;0.3333333333333333;poly
cell1936.png;0.0;poly
cell1937.png;0.3333333333333333;poly
cell1938.png;0.0;poly
cell1939.png;0.0;poly
cell1940.png;0.0;poly
cell1941.png;0.3333333333333333;poly
cell1942.png;0.3333333333333333;poly
cell1943.png;0.3333333333333333;poly
cell1944.png;0.0;poly
cell1945.png;0.0;poly
cell1946.png;0.0;poly
cell1947.png;0.0;poly
cell1948.png;0.0;poly
cell1949.png;0.0;poly
cell1950.png;0.6666666666666666;poly
cell1951.png;0.0;poly
cell1952.png;0.0;poly
cell1953.png;0.6666666666666666;poly
cell1954.png;1.0;poly
cell1955.png;1.0;poly
cell1956.png;1.0;poly
cell1957.png;1.0;poly
cell1958.png;0.0;poly
cell1959.png;0.3333333333333333;poly
cell1960.png;0.0;poly
cell1961.png;1.0;poly
cell1962.png;1.0;poly
cell1963.png;0.0;poly
cell1964.png;1.0;poly
cell1965.png;0.6666666666666666;poly
cell1966.png;0.0;poly
cell1967.png;0.0;poly
cell1968.png;0.0;poly
cell1969.png;0.0;poly
cell1970.png;0.0;poly
cell1971.png;0.0;poly
cell1972.png;0.0;poly
cell1973.png;0.0;poly
cell1974.png;0.0;poly
cell1975.png;0.0;poly
cell1976.png;1.0;poly
cell1977.png;0.0;poly
cell1978.png;0.0;poly
cell1979.png;0.0;poly
cell1980.png;0.0;poly
cell1981.png;0.0;poly
cell1982.png;1.0;poly
cell1983.png;0.0;poly
cell1984.png;0.0;poly
cell1985.png;0.0;poly
cell1986.png;0.0;poly
cell1987.png;0.0;poly
cell1988.png;0.0;poly
cell1989.png;1.0;poly
cell1990.png;0.0;poly
cell1991.png;1.0;poly
cell1992.png;1.0;poly
cell1993.png;1.0;poly
cell1994.png;0.0;poly
cell1995.png;0.0;poly
cell1996.png;0.0;poly
cell1997.png;0.0;poly
cell1998.png;0.0;poly
cell1999.png;0.0;poly
cell2000.png;0.0;poly
cell2001.png;0.0;poly
cell2002.png;0.0;poly
cell2003.png;0.0;poly
cell2004.png;0.0;poly
cell2005.png;0.0;poly
cell2006.png;0.0;poly
cell2007.png;0.0;poly
cell2008.png;0.0;poly
cell2009.png;0.0;poly
cell2010.png;1.0;poly
cell2011.png;0.0;poly
cell2012.png;0.3333333333333333;poly
cell2013.png;0.3333333333333333;poly
cell2014.png;1.0;poly
cell2015.png;0.3333333333333333;poly
cell2016.png;0.0;poly
cell2017.png;1.0;poly
cell2018.png;1.0;poly
cell2019.png;0.0;poly
cell2020.png;0.0;poly
cell2021.png;0.3333333333333333;poly
cell2022.png;0.3333333333333333;poly
cell2023.png;0.3333333333333333;poly
cell2024.png;0.3333333333333333;poly
cell2025.png;0.3333333333333333;poly
cell2026.png;0.0;poly
cell2027.png;0.0;poly
cell2028.png;0.0;poly
cell2029.png;0.0;poly
cell2030.png;0.0;poly
cell2031.png;0.0;poly
cell2032.png;0.0;poly
cell2033.png;0.0;poly
cell2034.png;0.3333333333333333;poly
cell2035.png;0.0;poly
cell2036.png;1.0;poly
cell2037.png;0.0;poly
cell2038.png;1.0;poly
cell2039.png;1.0;poly
cell2040.png;0.0;poly
cell2041.png;0.0;poly
cell2042.png;1.0;poly
cell2043.png;0.0;poly
cell2044.png;1.0;poly
cell2045.png;0.0;poly
cell2046.png;0.0;poly
cell2047.png;0.0;poly
cell2048.png;0.0;poly
cell2049.png;0.0;poly
cell2050.png;0.0;poly
cell2051.png;1.0;poly
cell2052.png;1.0;poly
cell2053.png;1.0;poly
cell2054.png;1.0;poly
cell2055.png;1.0;poly
cell2056.png;0.0;poly
cell2057.png;1.0;poly
cell2058.png;0.0;poly
cell2059.png;0.0;poly
cell2060.png;1.0;poly
cell2061.png;1.0;poly
cell2062.png;1.0;poly
cell2063.png;0.0;poly
cell2064.png;0.0;poly
cell2065.png;0.0;poly
cell2066.png;0.0;poly
cell2067.png;0.0;poly
cell2068.png;1.0;poly
cell2069.png;0.0;poly
cell2070.png;1.0;poly
cell2071.png;1.0;poly
cell2072.png;1.0;poly
cell2073.png;0.0;poly
cell2074.png;1.0;poly
cell2075.png;0.0;poly
cell2076.png;0.3333333333333333;poly
cell2077.png;0.3333333333333333;poly
cell2078.png;0.0;poly
cell2079.png;0.0;poly
cell2080.png;0.0;poly
cell2081.png;1.0;poly
cell2082.png;0.3333333333333333;poly
cell2083.png;0.3333333333333333;poly
cell2084.png;0.3333333333333333;poly
cell2085.png;0.0;poly
cell2086.png;0.0;poly
cell2087.png;0.0;poly
cell2088.png;0.0;poly
cell2089.png;1.0;poly
cell2090.png;0.3333333333333333;poly
cell2091.png;0.0;poly
cell2092.png;0.3333333333333333;poly
cell2093.png;0.0;poly
cell2094.png;0.0;poly
cell2095.png;0.0;poly
cell2096.png;0.0;poly
cell2097.png;0.0;poly
cell2098.png;0.0;poly
cell2099.png;0.0;poly
cell2100.png;0.0;poly
cell2101.png;0.0;poly
cell2102.png;0.0;poly
cell2103.png;0.0;poly
cell2104.png;0.0;poly
cell2105.png;0.3333333333333333;poly
cell2106.png;0.0;poly
cell2107.png;0.0;poly
cell2108.png;0.0;poly
cell2109.png;0.0;poly
cell2110.png;0.0;poly
cell2111.png;0.0;poly
cell2112.png;0.0;poly
cell2113.png;0.0;poly
cell2114.png;0.0;poly
cell2115.png;0.0;poly
cell2116.png;0.0;poly
cell2117.png;0.0;poly
cell2118.png;0.0;poly
cell2119.png;0.0;poly
cell2120.png;0.0;poly
cell2121.png;0.0;poly
cell2122.png;0.6666666666666666;poly
cell2123.png;0.0;poly
cell2124.png;0.0;poly
cell2125.png;0.0;poly
cell2126.png;0.0;poly
cell2127.png;0.0;poly
cell2128.png;0.0;poly
cell2129.png;0.0;poly
cell2130.png;0.3333333333333333;poly
cell2131.png;0.3333333333333333;poly
cell2132.png;0.0;poly
cell2133.png;0.0;poly
cell2134.png;0.3333333333333333;poly
cell2135.png;0.0;poly
cell2136.png;0.3333333333333333;poly
cell2137.png;0.3333333333333333;poly
cell2138.png;0.0;poly
cell2139.png;0.0;poly
cell2140.png;0.0;poly
cell2141.png;0.0;poly
cell2142.png;0.3333333333333333;poly
cell2143.png;0.3333333333333333;poly
cell2144.png;0.3333333333333333;poly
cell2145.png;0.0;mono
cell2146.png;0.0;mono
cell2147.png;0.0;mono
cell2148.png;0.0;mono
cell2149.png;0.0;mono
cell2150.png;0.0;mono
cell2151.png;0.0;mono
cell2152.png;0.0;mono
cell2153.png;0.0;mono
cell2154.png;0.0;mono
cell2155.png;0.0;mono
cell2156.png;0.0;mono
cell2157.png;0.0;mono
cell2158.png;0.0;mono
cell2159.png;0.0;mono
cell2160.png;0.0;mono
cell2161.png;0.0;mono
cell2162.png;0.0;mono
cell2163.png;0.0;mono
cell2164.png;0.0;mono
cell2165.png;0.0;mono
cell2166.png;0.6666666666666666;mono
cell2167.png;0.0;mono
cell2168.png;0.0;mono
cell2169.png;0.0;mono
cell2170.png;0.0;mono
cell2171.png;0.0;mono
cell2172.png;0.6666666666666666;mono
cell2173.png;0.3333333333333333;mono
cell2174.png;0.0;mono
cell2175.png;0.0;mono
cell2176.png;0.3333333333333333;mono
cell2177.png;0.0;mono
cell2178.png;0.0;mono
cell2179.png;0.0;mono
cell2180.png;0.0;mono
cell2181.png;0.3333333333333333;mono
cell2182.png;0.0;mono
cell2183.png;1.0;mono
cell2184.png;0.0;mono
cell2185.png;0.0;mono
cell2186.png;0.0;mono
cell2187.png;0.0;mono
cell2188.png;0.0;mono
cell2189.png;0.0;mono
cell2190.png;0.0;mono
cell2191.png;0.0;mono
cell2192.png;0.0;mono
cell2193.png;0.0;mono
cell2194.png;0.0;mono
cell2195.png;0.0;mono
cell2196.png;0.3333333333333333;mono
cell2197.png;0.3333333333333333;mono
cell2198.png;0.0;mono
cell2199.png;0.0;mono
cell2200.png;0.0;mono
cell2201.png;0.0;mono
cell2202.png;0.3333333333333333;mono
cell2203.png;0.0;mono
cell2204.png;0.6666666666666666;mono
cell2205.png;0.6666666666666666;mono
cell2206.png;0.0;mono
cell2207.png;1.0;mono
cell2208.png;0.0;mono
cell2209.png;0.0;mono
cell2210.png;0.0;mono
cell2211.png;0.0;mono
cell2212.png;0.3333333333333333;mono
cell2213.png;0.0;mono
cell2214.png;0.0;mono
cell2215.png;0.0;mono
cell2216.png;0.0;mono
cell2217.png;0.0;poly
cell2218.png;0.0;poly
cell2219.png;0.0;poly
cell2220.png;0.0;poly
cell2221.png;0.0;poly
cell2222.png;0.0;poly
cell2223.png;0.0;poly
cell2224.png;0.0;poly
cell2225.png;0.0;poly
cell2226.png;0.0;poly
cell2227.png;0.0;poly
cell2228.png;0.0;poly
cell2229.png;0.0;poly
cell2230.png;0.0;poly
cell2231.png;0.0;poly
cell2232.png;0.0;poly
cell2233.png;0.0;poly
cell2234.png;0.0;poly
cell2235.png;0.0;poly
cell2236.png;0.0;poly
cell2237.png;0.0;poly
cell2238.png;0.0;poly
cell2239.png;0.0;poly
cell2240.png;0.0;poly
cell2241.png;0.0;poly
cell2242.png;0.0;poly
cell2243.png;0.0;poly
cell2244.png;0.0;poly
cell2245.png;0.0;poly
cell2246.png;0.0;poly
cell2247.png;0.0;poly
cell2248.png;0.0;poly
cell2249.png;0.0;poly
cell2250.png;0.0;poly
cell2251.png;0.0;poly
cell2252.png;0.0;poly
cell2253.png;0.0;poly
cell2254.png;0.0;poly
cell2255.png;0.0;poly
cell2256.png;0.0;poly
cell2257.png;0.0;poly
cell2258.png;0.0;poly
cell2259.png;0.0;poly
cell2260.png;0.0;poly
cell2261.png;0.0;poly
cell2262.png;0.0;poly
cell2263.png;0.0;poly
cell2264.png;0.0;poly
cell2265.png;0.0;poly
cell2266.png;0.0;poly
cell2267.png;0.0;poly
cell2268.png;0.3333333333333333;poly
cell2269.png;0.0;poly
cell2270.png;0.0;poly
cell2271.png;0.0;poly
cell2272.png;0.0;poly
cell2273.png;0.0;poly
cell2274.png;0.0;poly
cell2275.png;0.0;poly
cell2276.png;0.0;poly
cell2277.png;0.3333333333333333;poly
cell2278.png;0.0;poly
cell2279.png;0.0;poly
cell2280.png;0.0;poly
cell2281.png;0.0;poly
cell2282.png;0.0;poly
cell2283.png;0.0;poly
cell2284.png;0.0;poly
cell2285.png;0.0;poly
cell2286.png;0.0;poly
cell2287.png;0.0;poly
cell2288.png;0.3333333333333333;poly
cell2289.png;1.0;poly
cell2290.png;0.3333333333333333;poly
cell2291.png;0.0;poly
cell2292.png;0.3333333333333333;poly
cell2293.png;0.0;poly
cell2294.png;0.3333333333333333;poly
cell2295.png;0.3333333333333333;poly
cell2296.png;0.0;poly
cell2297.png;0.0;poly
cell2298.png;0.0;poly
cell2299.png;0.0;poly
cell2300.png;0.0;poly
cell2301.png;0.0;poly
cell2302.png;0.0;poly
cell2303.png;0.0;poly
cell2304.png;0.0;poly
cell2305.png;0.0;poly
cell2306.png;0.0;poly
cell2307.png;0.0;poly
cell2308.png;0.0;poly
cell2309.png;0.0;poly
cell2310.png;0.0;poly
cell2311.png;0.0;poly
cell2312.png;0.0;poly
cell2313.png;0.0;poly
cell2314.png;0.0;poly
cell2315.png;0.0;poly
cell2316.png;0.0;poly
cell2317.png;0.0;poly
cell2318.png;0.3333333333333333;poly
cell2319.png;0.0;poly
cell2320.png;0.0;poly
cell2321.png;0.0;poly
cell2322.png;0.0;poly
cell2323.png;0.3333333333333333;poly
cell2324.png;0.3333333333333333;poly
cell2325.png;0.0;poly
cell2326.png;0.3333333333333333;poly
cell2327.png;1.0;poly
cell2328.png;1.0;poly
cell2329.png;1.0;poly
cell2330.png;1.0;poly
cell2331.png;0.3333333333333333;poly
cell2332.png;1.0;poly
cell2333.png;1.0;poly
cell2334.png;1.0;poly
cell2335.png;1.0;poly
cell2336.png;1.0;poly
cell2337.png;0.0;poly
cell2338.png;0.0;poly
cell2339.png;0.0;poly
cell2340.png;0.0;poly
cell2341.png;0.0;poly
cell2342.png;0.0;poly
cell2343.png;0.0;poly
cell2344.png;0.0;poly
cell2345.png;0.0;poly
cell2346.png;0.0;poly
cell2347.png;0.0;poly
cell2348.png;0.0;poly
cell2349.png;0.0;poly
cell2350.png;1.0;poly
cell2351.png;0.0;poly
cell2352.png;0.0;poly
cell2353.png;0.0;poly
cell2354.png;0.0;poly
cell2355.png;0.0;poly
cell2356.png;0.0;poly
cell2357.png;0.0;poly
cell2358.png;0.0;poly
cell2359.png;0.0;poly
cell2360.png;0.0;poly
cell2361.png;0.0;poly
cell2362.png;1.0;poly
cell2363.png;0.0;poly
cell2364.png;0.0;poly
cell2365.png;0.0;poly
cell2366.png;0.0;poly
cell2367.png;0.6666666666666666;poly
cell2368.png;0.0;poly
cell2369.png;0.6666666666666666;poly
cell2370.png;0.0;poly
cell2371.png;0.0;poly
cell2372.png;0.0;poly
cell2373.png;0.0;poly
cell2374.png;0.0;poly
cell2375.png;0.0;poly
cell2376.png;0.0;poly
cell2377.png;0.0;poly
cell2378.png;0.0;poly
cell2379.png;0.0;poly
cell2380.png;0.0;poly
cell2381.png;0.0;poly
cell2382.png;0.0;poly
cell2383.png;0.0;poly
cell2384.png;0.0;poly
cell2385.png;0.0;poly
cell2386.png;0.3333333333333333;poly
cell2387.png;0.0;poly
cell2388.png;0.0;poly
cell2389.png;0.0;poly
cell2390.png;0.0;poly
cell2391.png;0.0;poly
cell2392.png;1.0;poly
cell2393.png;0.0;poly
cell2394.png;0.0;poly
cell2395.png;0.0;poly
cell2396.png;0.0;poly
cell2397.png;0.3333333333333333;mono
cell2398.png;0.0;mono
cell2399.png;0.0;mono
cell2400.png;0.3333333333333333;mono
cell2401.png;0.0;mono
cell2402.png;0.0;mono
cell2403.png;0.0;mono
cell2404.png;0.0;mono
cell2405.png;0.0;mono
cell2406.png;0.0;mono
cell2407.png;0.0;mono
cell2408.png;0.3333333333333333;mono
cell2409.png;0.0;mono
cell2410.png;0.3333333333333333;mono
cell2411.png;0.0;mono
cell2412.png;0.3333333333333333;mono
cell2413.png;0.3333333333333333;mono
cell2414.png;0.3333333333333333;mono
cell2415.png;0.0;mono
cell2416.png;0.0;mono
cell2417.png;0.3333333333333333;mono
cell2418.png;0.0;mono
cell2419.png;0.0;mono
cell2420.png;0.0;mono
cell2421.png;0.0;mono
cell2422.png;0.0;mono
cell2423.png;0.0;mono
cell2424.png;0.0;mono
cell2425.png;0.0;mono
cell2426.png;0.0;mono
cell2427.png;0.6666666666666666;mono
cell2428.png;0.0;mono
cell2429.png;0.0;mono
cell2430.png;0.0;mono
cell2431.png;1.0;mono
cell2432.png;0.0;mono
cell2433.png;0.0;mono
cell2434.png;0.0;mono
cell2435.png;0.6666666666666666;mono
cell2436.png;0.0;mono
cell2437.png;1.0;mono
cell2438.png;1.0;mono
cell2439.png;1.0;mono
cell2440.png;1.0;mono
cell2441.png;0.0;mono
cell2442.png;0.0;mono
cell2443.png;0.0;mono
cell2444.png;0.0;mono
cell2445.png;0.0;poly
cell2446.png;1.0;poly
cell2447.png;0.0;poly
cell2448.png;0.0;poly
cell2449.png;0.0;poly
cell2450.png;0.0;poly
cell2451.png;0.0;poly
cell2452.png;0.0;poly
cell2453.png;0.0;poly
cell2454.png;0.0;poly
cell2455.png;0.0;poly
cell2456.png;1.0;poly
cell2457.png;0.0;poly
cell2458.png;0.0;poly
cell2459.png;0.0;poly
cell2460.png;0.0;poly
cell2461.png;0.0;poly
cell2462.png;0.0;poly
cell2463.png;0.0;poly
cell2464.png;0.0;poly
cell2465.png;0.0;poly
cell2466.png;0.0;poly
cell2467.png;0.0;poly
cell2468.png;0.0;poly
cell2469.png;0.0;poly
cell2470.png;0.0;poly
cell2471.png;0.0;poly
cell2472.png;0.0;poly
cell2473.png;0.0;poly
cell2474.png;0.0;poly
cell2475.png;0.0;poly
cell2476.png;0.0;poly
cell2477.png;0.0;poly
cell2478.png;0.0;poly
cell2479.png;0.0;poly
cell2480.png;0.0;poly
cell2481.png;0.0;poly
cell2482.png;0.0;poly
cell2483.png;0.3333333333333333;poly
cell2484.png;0.3333333333333333;poly
cell2485.png;0.0;poly
cell2486.png;0.0;poly
cell2487.png;0.0;poly
cell2488.png;0.0;poly
cell2489.png;0.0;poly
cell2490.png;0.0;poly
cell2491.png;0.0;poly
cell2492.png;0.0;poly
cell2493.png;0.0;poly
cell2494.png;0.0;poly
cell2495.png;0.0;poly
cell2496.png;0.0;poly
cell2497.png;0.0;poly
cell2498.png;0.0;poly
cell2499.png;0.0;poly
cell2500.png;0.0;poly
cell2501.png;0.0;poly
cell2502.png;0.0;poly
cell2503.png;0.0;poly
cell2504.png;0.0;poly
cell2505.png;0.0;poly
cell2506.png;0.0;poly
cell2507.png;0.0;poly
cell2508.png;0.0;poly
cell2509.png;1.0;poly
cell2510.png;0.0;poly
cell2511.png;0.0;poly
cell2512.png;0.0;poly
cell2513.png;0.0;poly
cell2514.png;0.0;poly
cell2515.png;0.0;poly
cell2516.png;1.0;poly
cell2517.png;1.0;poly
cell2518.png;0.0;poly
cell2519.png;0.0;poly
cell2520.png;0.0;poly
cell2521.png;0.0;poly
cell2522.png;0.0;poly
cell2523.png;0.0;poly
cell2524.png;0.0;poly
cell2525.png;1.0;poly
cell2526.png;1.0;poly
cell2527.png;0.0;poly
cell2528.png;0.0;poly
cell2529.png;0.0;poly
cell2530.png;0.0;poly
cell2531.png;0.0;poly
cell2532.png;0.0;poly
cell2533.png;0.0;poly
cell2534.png;0.0;poly
cell2535.png;0.0;poly
cell2536.png;1.0;poly
cell2537.png;0.0;poly
cell2538.png;1.0;poly
cell2539.png;0.0;poly
cell2540.png;0.0;poly
cell2541.png;0.0;poly
cell2542.png;1.0;poly
cell2543.png;0.0;poly
cell2544.png;1.0;poly
cell2545.png;0.0;poly
cell2546.png;1.0;poly
cell2547.png;1.0;poly
cell2548.png;1.0;poly
cell2549.png;0.0;poly
cell2550.png;0.0;poly
cell2551.png;0.0;poly
cell2552.png;0.0;poly
cell2553.png;0.0;poly
cell2554.png;1.0;poly
cell2555.png;0.6666666666666666;poly
cell2556.png;0.0;poly
cell2557.png;0.0;poly
cell2558.png;0.0;poly
cell2559.png;0.0;poly
cell2560.png;0.0;poly
cell2561.png;0.0;poly
cell2562.png;0.0;poly
cell2563.png;0.0;poly
cell2564.png;0.0;poly
cell2565.png;0.3333333333333333;poly
cell2566.png;0.3333333333333333;poly
cell2567.png;0.3333333333333333;poly
cell2568.png;0.3333333333333333;poly
cell2569.png;0.0;poly
cell2570.png;0.3333333333333333;poly
cell2571.png;0.3333333333333333;poly
cell2572.png;0.3333333333333333;poly
cell2573.png;0.3333333333333333;poly
cell2574.png;0.3333333333333333;poly
cell2575.png;0.3333333333333333;poly
cell2576.png;0.3333333333333333;poly
cell2577.png;0.3333333333333333;poly
cell2578.png;0.0;poly
cell2579.png;0.3333333333333333;poly
cell2580.png;0.0;poly
cell2581.png;0.3333333333333333;poly
cell2582.png;0.0;poly
cell2583.png;0.3333333333333333;poly
cell2584.png;0.3333333333333333;poly
cell2585.png;0.3333333333333333;poly
cell2586.png;0.0;poly
cell2587.png;0.0;poly
cell2588.png;0.3333333333333333;poly
cell2589.png;0.3333333333333333;poly
cell2590.png;0.0;poly
cell2591.png;0.0;poly
cell2592.png;0.0;poly
cell2593.png;0.0;poly
cell2594.png;0.3333333333333333;poly
cell2595.png;0.0;poly
cell2596.png;0.3333333333333333;poly
cell2597.png;0.0;poly
cell2598.png;0.0;poly
cell2599.png;1.0;poly
cell2600.png;0.3333333333333333;poly
cell2601.png;0.0;poly
cell2602.png;0.0;poly
cell2603.png;0.0;poly
cell2604.png;0.6666666666666666;poly
cell2605.png;0.3333333333333333;poly
cell2606.png;0.0;poly
cell2607.png;0.3333333333333333;poly
cell2608.png;0.0;poly
cell2609.png;0.0;poly
cell2610.png;0.0;poly
cell2611.png;0.0;poly
cell2612.png;0.3333333333333333;poly
cell2613.png;0.0;poly
cell2614.png;0.0;poly
cell2615.png;0.3333333333333333;poly
cell2616.png;0.3333333333333333;poly
cell2617.png;0.3333333333333333;poly
cell2618.png;0.3333333333333333;poly
cell2619.png;0.0;poly
cell2620.png;0.0;poly
cell2621.png;0.0;poly
cell2622.png;0.0;poly
cell2623.png;0.0;poly
cell2624.png;0.0;poly
